"Time (s)","Angular velocity x (rad/s)","Angular velocity y (rad/s)","Angular velocity z (rad/s)"
0.000000000E0,0.000000000E0,0.000000000E0,0.000000000E0
1.000000000E-1,-6.045375652E-2,3.581951653E-2,-1.065264432E-2
2.000000000E-1,-4.727110917E-2,2.583266248E-2,-1.131843459E-2
3.000000000E-1,2.063949837E-2,2.037318226E-2,6.524744646E-3
4.000000000E-1,1.225054097E-2,1.518001816E-2,-5.060006052E-3
5.000000000E-1,-8.309062570E-2,3.395530377E-2,6.524744646E-3
6.000000000E-1,-6.697850116E-2,2.796319134E-2,-2.663161080E-3
7.000000000E-1,-7.470166829E-2,3.741741317E-2,-6.391586592E-3
8.000000000E-1,1.171790875E-1,2.796319134E-3,-1.198422486E-2
9.000000000E-1,1.980060263E-1,3.355582961E-2,1.464738594E-3
1.000000000E0,4.103931224E-1,5.992112430E-3,-5.326322160E-4
1.100000000E0,6.111954679E-1,3.049319437E-2,-6.924218808E-3
1.200000000E0,9.639311529E-1,1.850896951E-2,-4.261057728E-3
1.300000000E0,1.294163127E0,5.992112430E-3,-1.238369902E-2
1.400000000E0,1.685780964E0,-1.225054097E-2,-8.122641294E-3
1.500000000E0,1.950099701E0,1.557949232E-2,1.265001513E-2
1.600000000E0,2.064082995E0,-5.858954376E-3,2.450108194E-2
1.700000000E0,1.926663883E0,6.258428538E-3,-4.127899674E-3
1.800000000E0,1.651692502E0,-5.592638268E-3,-8.655273510E-3
1.900000000E0,1.274455735E0,3.435477793E-2,8.921589618E-3
2.000000000E0,9.185242565E-1,-1.065264432E-3,-9.187905726E-3
2.100000000E0,6.547381515E-1,2.316950140E-2,-4.926847998E-3
2.200000000E0,4.279699856E-1,1.478054399E-2,1.784317924E-2
2.300000000E0,2.067944579E-1,2.396844972E-2,-1.797633729E-2
2.400000000E0,1.186438261E-1,1.078580237E-2,1.731054702E-3
2.500000000E0,-3.542004236E-2,2.862898161E-2,0.000000000E0
2.600000000E0,-4.101268063E-2,3.249056518E-2,8.655273510E-3
2.700000000E0,-3.635214874E-2,2.836266550E-2,-3.062635242E-3
2.800000000E0,4.793689944E-3,2.623213664E-2,7.323692970E-3
2.900000000E0,1.296959446E-1,1.997370810E-2,3.994741620E-4
3.000000000E0,2.780340168E-1,2.370213361E-2,-1.957423394E-2
3.100000000E0,4.872253196E-1,1.677791480E-2,1.304948929E-2
3.200000000E0,6.906908261E-1,4.181162896E-2,2.503371415E-2
3.300000000E0,1.073520231E0,1.797633729E-2,-3.115898464E-2
3.400000000E0,1.336107914E0,8.788431564E-3,1.091896043E-2
3.500000000E0,1.714143629E0,7.989483240E-3,2.277002723E-2
3.600000000E0,1.998968707E0,1.065264432E-3,-9.720537942E-3
3.700000000E0,2.043709813E0,-8.788431564E-3,-1.557949232E-2
3.800000000E0,1.841442729E0,-5.326322160E-4,1.398159567E-2
3.900000000E0,1.506683381E0,2.436792388E-2,1.211738291E-2
4.000000000E0,1.172456665E0,7.190534916E-3,-9.054747672E-3
4.100000000E0,8.341020503E-1,2.063949837E-2,1.211738291E-2
4.200000000E0,5.789712188E-1,2.583266248E-2,9.321063780E-4
4.300000000E0,3.539341075E-1,2.117213059E-2,-2.796319134E-3
4.400000000E0,1.825596920E-1,2.077265642E-2,-5.326322160E-4
4.500000000E0,7.550061662E-2,1.877528561E-2,7.057376862E-3
4.600000000E0,-1.091896043E-2,2.476739804E-2,7.057376862E-3
4.700000000E0,-1.504686010E-2,1.597896648E-2,-5.725796322E-3
4.800000000E0,-9.986854050E-3,3.209109101E-2,-3.728425512E-3
4.900000000E0,9.640643110E-2,1.744370507E-2,-7.323692970E-3
5.000000000E0,1.858886434E-1,2.197107891E-2,-1.291633124E-2
5.100000000E0,3.712446546E-1,1.877528561E-2,-3.994741620E-3
5.200000000E0,5.989449269E-1,1.624528259E-2,9.321063780E-3
5.300000000E0,8.432899560E-1,-1.331580540E-4,3.994741620E-3
5.400000000E0,1.164467182E0,1.078580237E-2,1.331580540E-4
5.500000000E0,1.480850719E0,-5.725796322E-3,9.720537942E-3
5.600000000E0,1.824265340E0,1.651159870E-2,1.265001513E-2
5.700000000E0,1.988582378E0,1.384843762E-2,8.255799348E-3
5.800000000E0,1.962882874E0,-4.127899674E-3,-1.571265037E-2
5.900000000E0,1.733318389E0,-1.451422789E-2,-1.464738594E-3
6.000000000E0,1.400689570E0,3.195793296E-3,2.396844972E-3
6.100000000E0,1.042494405E0,6.125270484E-3,6.125270484E-3
6.200000000E0,7.436877316E-1,3.195793296E-2,1.131843459E-2
6.300000000E0,4.942826964E-1,2.396844972E-2,1.318264735E-2
6.400000000E0,3.062635242E-1,2.330265945E-2,6.125270484E-3
6.500000000E0,1.749696830E-1,2.689792691E-2,2.303634334E-2
6.600000000E0,7.869640991E-2,1.904160172E-2,-2.130528864E-3
6.700000000E0,-1.518001816E-2,3.102582658E-2,-2.929477188E-3
6.800000000E0,7.323692970E-3,1.877528561E-2,-3.062635242E-3
6.900000000E0,3.542004236E-2,2.103897253E-2,-3.328951350E-3
7.000000000E0,1.279648899E-1,2.929477188E-2,4.394215782E-3
7.100000000E0,2.522013543E-1,2.237055307E-2,-7.456851024E-3
7.200000000E0,4.512726450E-1,2.077265642E-2,5.992112430E-3
7.300000000E0,6.858971362E-1,2.237055307E-2,9.720537942E-3
7.400000000E0,9.512811378E-1,2.277002723E-2,8.788431564E-3
7.500000000E0,1.289635753E0,-1.411475372E-2,-4.008057425E-2
7.600000000E0,1.592170852E0,-2.929477188E-3,-1.158475070E-2
7.700000000E0,1.863413808E0,-9.187905726E-3,6.657902700E-3
7.800000000E0,1.972736570E0,-5.326322160E-4,-1.065264432E-3
7.900000000E0,1.839445358E0,2.929477188E-3,-5.060006052E-3
8.000000000E0,1.591638219E0,3.861583566E-3,1.411475372E-2
8.100000000E0,1.244495173E0,-6.125270484E-3,4.127899674E-3
8.200000000E0,9.528790344E-1,1.158475070E-2,-4.394215782E-3
8.300000000E0,6.763097563E-1,1.051948627E-2,-1.105211848E-2
8.400000000E0,4.617921313E-1,1.757686313E-2,-2.090581448E-2
8.500000000E0,3.032008890E-1,1.797633729E-2,4.527373836E-3
8.600000000E0,1.356880570E-1,2.450108194E-2,-2.263686918E-3
8.700000000E0,3.395530377E-2,2.356897556E-2,-8.122641294E-3
8.800000000E0,7.190534916E-3,1.571265037E-2,-1.158475070E-2
8.900000000E0,2.410160777E-2,2.143844669E-2,1.251685708E-2
9.000000000E0,7.629956494E-2,2.676476885E-2,1.065264432E-3
9.100000000E0,1.600559809E-1,1.171790875E-2,-3.488741015E-2
9.200000000E0,3.406183021E-1,2.263686918E-2,1.544633426E-2
9.300000000E0,5.057342891E-1,1.238369902E-2,-1.065264432E-2
9.400000000E0,7.793740901E-1,1.850896951E-2,-7.190534916E-3
9.500000000E0,1.036369134E0,7.989483240E-3,3.195793296E-3
9.600000000E0,1.417467485E0,1.717738897E-2,3.009372020E-2
9.700000000E0,1.732253124E0,-1.051948627E-2,-2.423476583E-2
9.800000000E0,1.946637591E0,-1.877528561E-2,1.677791480E-2
9.900000000E0,1.932655996E0,-5.459480214E-3,2.063949837E-2
1.000000000E1,1.739709976E0,1.278317318E-2,9.187905726E-3
1.010000000E1,1.452488053E0,8.921589618E-3,1.158475070E-2
1.020000000E1,1.144227158E0,1.597896648E-3,-3.928162593E-2
1.030000000E1,8.329036278E-1,1.651159870E-2,5.326322160E-4
1.040000000E1,5.779059544E-1,1.198422486E-2,5.992112430E-3
1.050000000E1,3.681820193E-1,1.997370810E-2,-4.261057728E-3
1.060000000E1,2.115881478E-1,2.796319134E-3,-2.157160475E-2
1.070000000E1,1.066596013E-1,2.103897253E-2,-1.185106681E-2
1.080000000E1,2.689792691E-2,2.183792086E-2,4.793689944E-3
1.090000000E1,3.062635242E-2,1.877528561E-2,-3.861583566E-3
1.100000000E1,4.327636755E-2,3.515372626E-2,-1.731054702E-3
1.110000000E1,1.456749111E-1,2.370213361E-2,6.924218808E-3
1.120000000E1,2.581934667E-1,6.125270484E-3,2.663161080E-3
1.130000000E1,4.328968336E-1,1.331580540E-2,7.456851024E-3
1.140000000E1,6.704508019E-1,7.989483240E-3,-3.728425512E-3
1.150000000E1,9.395632290E-1,-4.261057728E-3,-2.916161383E-2
1.160000000E1,1.205080389E0,1.198422486E-2,-1.171790875E-2
1.170000000E1,1.561810815E0,-1.824265340E-2,-2.157160475E-2
1.180000000E1,1.781521604E0,1.731054702E-3,1.145159264E-2
1.190000000E1,1.935452315E0,-3.994741620E-4,-8.255799348E-3
1.200000000E1,1.867941182E0,6.391586592E-3,3.195793296E-3
1.210000000E1,1.609215083E0,-2.396844972E-3,2.596582053E-2
1.220000000E1,1.283643641E0,8.122641294E-3,1.664475675E-2
1.230000000E1,9.673932623E-1,2.663161080E-2,2.916161383E-2
1.240000000E1,6.938866194E-1,1.251685708E-2,-1.997370810E-3
1.250000000E1,4.599279185E-1,1.917475978E-2,-1.331580540E-4
1.260000000E1,2.908171899E-1,2.183792086E-2,8.921589618E-3
1.270000000E1,1.372859537E-1,2.530003026E-2,-1.025317016E-2
1.280000000E1,9.294432169E-2,2.263686918E-2,5.193164106E-3
1.290000000E1,5.978796625E-2,1.837581145E-2,-5.992112430E-3
1.300000000E1,5.659217295E-2,3.142530074E-2,2.130528864E-3
1.310000000E1,1.125185556E-1,1.611212453E-2,-1.411475372E-2
1.320000000E1,2.154497314E-1,3.062635242E-3,-1.025317016E-2
1.330000000E1,3.671167549E-1,7.323692970E-3,-1.078580237E-2
1.340000000E1,5.743106869E-1,9.720537942E-3,-2.463423999E-2
1.350000000E1,8.072041233E-1,1.731054702E-2,4.261057728E-3
1.360000000E1,1.116397125E0,1.091896043E-2,-5.858954376E-3
1.370000000E1,1.366201634E0,-1.597896648E-3,-1.171790875E-2
1.380000000E1,1.620267201E0,1.384843762E-2,-2.170476280E-2
1.390000000E1,1.845037996E0,5.459480214E-3,-6.924218808E-3
1.400000000E1,1.922136509E0,-7.456851024E-3,-5.326322160E-4
1.410000000E1,1.720135742E0,-5.992112430E-3,-1.557949232E-2
1.420000000E1,1.421861701E0,5.592638268E-3,1.864212756E-3
1.430000000E1,1.103214477E0,1.265001513E-2,2.277002723E-2
1.440000000E1,8.221178254E-1,1.318264735E-2,4.261057728E-3
1.450000000E1,5.809685896E-1,1.970739199E-2,0.000000000E0
1.460000000E1,3.873567791E-1,1.371527956E-2,-2.956108799E-2
1.470000000E1,2.171807861E-1,1.398159567E-2,-1.478054399E-2
1.480000000E1,1.292964704E-1,2.822950745E-2,2.410160777E-2
1.490000000E1,4.673847695E-2,2.197107891E-2,1.065264432E-3
1.500000000E1,6.777744949E-2,1.677791480E-2,0.000000000E0
1.510000000E1,8.508799651E-2,1.997370810E-2,-1.025317016E-2
1.520000000E1,1.535312363E-1,2.569950442E-2,-1.544633426E-2
1.530000000E1,2.916161383E-1,2.290318529E-2,-4.926847998E-3
1.540000000E1,4.699147726E-1,2.050634032E-2,3.462109404E-3
1.550000000E1,6.295712793E-1,3.355582961E-2,1.038632821E-2
1.560000000E1,9.134642504E-1,2.143844669E-2,-4.127899674E-3
1.570000000E1,1.223056726E0,8.522115456E-3,1.731054702E-3
1.580000000E1,1.548361852E0,-3.861583566E-3,1.731054702E-3
1.590000000E1,1.810550060E0,-9.321063780E-4,-1.105211848E-2
1.600000000E1,1.855956957E0,3.328951350E-3,2.383529167E-2
1.610000000E1,1.794171620E0,-5.992112430E-3,4.660531890E-3
1.620000000E1,1.565805557E0,-3.861583566E-3,3.328951350E-3
1.630000000E1,1.239435167E0,4.394215782E-3,-5.193164106E-3
1.640000000E1,9.560748277E-1,4.660531890E-3,-2.197107891E-2
1.650000000E1,6.888266133E-1,1.890844367E-2,7.723167132E-3
1.660000000E1,4.817658394E-1,2.024002421E-2,1.451422789E-2
1.670000000E1,3.235740712E-1,2.050634032E-2,-7.989483240E-4
1.680000000E1,1.861549595E-1,1.997370810E-2,-5.060006052E-3
1.690000000E1,1.019990694E-1,1.544633426E-2,-1.691107286E-2
1.700000000E1,8.362325791E-2,2.396844972E-2,-7.989483240E-3
1.710000000E1,8.801747369E-2,2.450108194E-2,2.796319134E-3
1.720000000E1,1.243696224E-1,2.423476583E-2,-1.997370810E-3
1.730000000E1,2.316950140E-1,3.408846182E-2,1.704423091E-2
1.740000000E1,3.885552016E-1,2.836266550E-2,1.118527654E-2
1.750000000E1,5.781722705E-1,1.384843762E-2,-8.921589618E-3
1.760000000E1,8.036088559E-1,2.530003026E-3,-1.637844064E-2
1.770000000E1,1.075783918E0,2.503371415E-2,3.821636150E-2
1.780000000E1,1.401887993E0,1.864212756E-3,-1.051948627E-2
1.790000000E1,1.669668839E0,2.929477188E-3,1.065264432E-3
1.800000000E1,1.837980619E0,0.000000000E0,-5.326322160E-4
1.810000000E1,1.815476908E0,-9.321063780E-3,7.456851024E-3
1.820000000E1,1.664342517E0,-1.078580237E-2,-3.062635242E-3
1.830000000E1,1.355682148E0,6.125270484E-3,1.824265340E-2
1.840000000E1,1.072188651E0,1.291633124E-2,-1.158475070E-2
1.850000000E1,7.957525307E-1,1.478054399E-2,2.663161080E-4
1.860000000E1,5.388906445E-1,3.022687826E-2,1.890844367E-2
1.870000000E1,3.611246424E-1,1.850896951E-2,-1.464738594E-3
1.880000000E1,2.408829197E-1,2.902845577E-2,7.989483240E-4
1.890000000E1,1.395496406E-1,1.731054702E-2,9.321063780E-3
1.900000000E1,1.107875009E-1,3.728425512E-2,1.012001210E-2
1.910000000E1,9.134642504E-2,2.050634032E-2,-6.657902700E-3
1.920000000E1,1.169127714E-1,1.398159567E-2,-1.304948929E-2
1.930000000E1,2.207760535E-1,3.249056518E-2,6.924218808E-3
1.940000000E1,3.350256639E-1,3.195793296E-2,6.924218808E-3
1.950000000E1,5.081311341E-1,1.118527654E-2,-1.065264432E-3
1.960000000E1,7.309045584E-1,1.518001816E-2,-2.663161080E-3
1.970000000E1,9.968211922E-1,1.584580843E-2,4.394215782E-3
1.980000000E1,1.268596780E0,2.090581448E-2,-1.331580540E-3
1.990000000E1,1.541437633E0,2.183792086E-2,1.438106983E-2
2.000000000E1,1.795503200E0,1.304948929E-2,3.595267458E-3
2.010000000E1,1.842907467E0,-9.986854050E-3,1.304948929E-2
2.020000000E1,1.702825195E0,-1.211738291E-2,-8.921589618E-3
2.030000000E1,1.454485424E0,8.522115456E-3,-7.989483240E-4
2.040000000E1,1.166997185E0,4.926847998E-3,3.062635242E-3
2.050000000E1,9.185242565E-1,8.655273510E-3,-4.394215782E-3
2.060000000E1,6.639260572E-1,1.251685708E-2,5.592638268E-3
2.070000000E1,4.396878943E-1,2.463423999E-2,2.356897556E-2
2.080000000E1,3.063966823E-1,1.304948929E-2,8.522115456E-3
2.090000000E1,2.009355035E-1,2.316950140E-2,5.326322160E-4
2.100000000E1,1.286306802E-1,2.450108194E-2,-1.504686010E-2
2.110000000E1,1.110538170E-1,2.316950140E-2,1.864212756E-3
2.120000000E1,1.170459295E-1,1.691107286E-2,-1.784317924E-2
2.130000000E1,1.788312665E-1,2.636529469E-2,-1.371527956E-2
2.140000000E1,2.837598131E-1,5.326322160E-3,-2.676476885E-2
2.150000000E1,4.424842134E-1,1.105211848E-2,-2.636529469E-2
2.160000000E1,6.270412763E-1,2.663161080E-3,-2.889529772E-2
2.170000000E1,9.102684571E-1,1.105211848E-2,-5.459480214E-3
2.180000000E1,1.190699319E0,2.929477188E-3,0.000000000E0
2.190000000E1,1.463939646E0,-1.731054702E-3,-1.145159264E-2
2.200000000E1,1.709483097E0,8.255799348E-3,2.290318529E-2
2.210000000E1,1.812547431E0,1.464738594E-3,7.057376862E-3
2.220000000E1,1.728524699E0,5.326322160E-4,7.989483240E-4
2.230000000E1,1.549027642E0,-7.989483240E-4,3.861583566E-3
2.240000000E1,1.272857838E0,3.195793296E-3,-1.731054702E-3
2.250000000E1,9.972206664E-1,6.391586592E-3,-4.394215782E-3
2.260000000E1,7.552724823E-1,7.456851024E-3,-1.278317318E-2
2.270000000E1,5.123921918E-1,1.984055005E-2,-7.723167132E-3
2.280000000E1,3.523362109E-1,1.864212756E-2,-2.929477188E-3
2.290000000E1,2.355565975E-1,1.664475675E-2,1.864212756E-3
2.300000000E1,1.723065219E-1,2.077265642E-2,2.037318226E-2
2.310000000E1,1.280980479E-1,2.636529469E-2,-5.459480214E-3
2.320000000E1,1.245027805E-1,3.155845880E-2,3.195793296E-3
2.330000000E1,1.715075736E-1,2.223739502E-2,-1.864212756E-3
2.340000000E1,2.600576795E-1,3.834951955E-2,1.185106681E-2
2.350000000E1,4.010720586E-1,9.986854050E-3,-2.316950140E-2
2.360000000E1,5.997438752E-1,1.145159264E-2,-1.691107286E-2
2.370000000E1,8.499478587E-1,1.304948929E-2,1.850896951E-2
2.380000000E1,1.069392332E0,1.118527654E-2,-8.522115456E-3
2.390000000E1,1.323058425E0,7.856325186E-3,-1.398159567E-2
2.400000000E1,1.645300915E0,3.595267458E-3,-8.655273510E-3
2.410000000E1,1.816675331E0,-4.127899674E-3,-8.122641294E-3
2.420000000E1,1.768472115E0,1.198422486E-3,9.187905726E-3
2.430000000E1,1.587377162E0,6.657902700E-4,-4.926847998E-3
2.440000000E1,1.367400057E0,-3.861583566E-3,-1.251685708E-2
2.450000000E1,1.078979712E0,4.261057728E-3,-1.398159567E-2
2.460000000E1,8.161257130E-1,1.265001513E-2,4.261057728E-3
2.470000000E1,5.872270181E-1,1.158475070E-2,6.657902700E-4
2.480000000E1,4.241084020E-1,1.491370205E-2,-1.318264735E-2
2.490000000E1,2.653840016E-1,2.396844972E-2,-3.462109404E-3
2.500000000E1,1.720402058E-1,2.410160777E-2,-5.992112430E-3
2.510000000E1,1.274322577E-1,2.383529167E-2,-7.323692970E-3
2.520000000E1,1.415470114E-1,2.330265945E-2,-2.663161080E-4
2.530000000E1,1.836249565E-1,4.261057728E-2,2.423476583E-2
2.540000000E1,2.507366157E-1,1.398159567E-2,7.989483240E-3
2.550000000E1,3.785683475E-1,3.595267458E-3,-2.450108194E-2
2.560000000E1,5.419532798E-1,1.225054097E-2,1.384843762E-2
2.570000000E1,7.530087954E-1,1.012001210E-2,-4.793689944E-3
2.580000000E1,1.005742782E0,5.326322160E-3,-1.331580540E-3
2.590000000E1,1.261273087E0,3.195793296E-3,-2.250371113E-2
2.600000000E1,1.537309733E0,3.861583566E-3,-1.597896648E-2
2.610000000E1,1.748232091E0,-2.130528864E-3,-4.660531890E-3
2.620000000E1,1.797101097E0,1.997370810E-3,6.924218808E-3
2.630000000E1,1.646499338E0,3.994741620E-3,7.456851024E-3
2.640000000E1,1.415203798E0,1.531317621E-2,4.793689944E-3
2.650000000E1,1.129446614E0,1.451422789E-2,1.731054702E-2
2.660000000E1,8.692557765E-1,1.358212151E-2,1.078580237E-2
2.670000000E1,6.470149844E-1,8.921589618E-3,-1.145159264E-2
2.680000000E1,4.442152681E-1,3.448793599E-2,2.889529772E-2
2.690000000E1,3.246393357E-1,2.170476280E-2,0.000000000E0
2.700000000E1,2.308960656E-1,1.731054702E-2,7.456851024E-3
2.710000000E1,1.539307104E-1,1.864212756E-2,1.331580540E-4
2.720000000E1,1.438106983E-1,2.130528864E-2,-1.331580540E-3
2.730000000E1,1.751028410E-1,2.796319134E-2,8.921589618E-3
2.740000000E1,2.360892297E-1,1.917475978E-2,4.261057728E-3
2.750000000E1,3.612578005E-1,2.436792388E-2,1.491370205E-2
2.760000000E1,5.250422069E-1,1.318264735E-2,-1.411475372E-2
2.770000000E1,6.954845160E-1,-2.663161080E-3,-4.660531890E-3
2.780000000E1,8.992163387E-1,2.050634032E-2,2.530003026E-3
2.790000000E1,1.210273553E0,1.278317318E-2,-1.930791783E-2
2.800000000E1,1.494432840E0,1.997370810E-3,1.597896648E-2
2.810000000E1,1.704556249E0,1.464738594E-3,2.929477188E-3
2.820000000E1,1.716806790E0,1.344896345E-2,1.131843459E-2
2.830000000E1,1.723731009E0,-2.130528864E-2,-3.408846182E-2
2.840000000E1,1.487908095E0,-1.331580540E-3,9.321063780E-4
2.850000000E1,1.189900371E0,7.856325186E-3,-3.195793296E-3
2.860000000E1,9.331716424E-1,5.060006052E-3,-3.728425512E-3
2.870000000E1,7.159908564E-1,5.060006052E-3,-2.703108496E-2
2.880000000E1,5.193164106E-1,2.290318529E-2,1.411475372E-2
2.890000000E1,3.495398918E-1,1.864212756E-2,-2.263686918E-3
2.900000000E1,2.486060868E-1,1.771002118E-2,1.597896648E-2
2.910000000E1,1.860218014E-1,1.797633729E-2,1.597896648E-3
2.920000000E1,1.620533517E-1,2.263686918E-2,1.997370810E-3
2.930000000E1,1.727059960E-1,2.596582053E-2,1.344896345E-2
2.940000000E1,2.403502875E-1,2.330265945E-2,3.049319437E-2
2.950000000E1,3.324956608E-1,1.744370507E-2,-8.255799348E-3
2.960000000E1,4.629905538E-1,2.050634032E-2,2.649845275E-2
2.970000000E1,6.753776499E-1,3.075951047E-2,1.837581145E-2
2.980000000E1,8.756473631E-1,8.655273510E-3,-2.929477188E-3
2.990000000E1,1.130511878E0,1.584580843E-2,-6.125270484E-3
3.000000000E1,1.414804324E0,2.130528864E-3,1.278317318E-2
3.010000000E1,1.668736733E0,6.657902700E-4,-5.326322160E-3
3.020000000E1,1.756354732E0,1.731054702E-3,2.530003026E-3
3.030000000E1,1.701759930E0,2.796319134E-3,5.459480214E-3
3.040000000E1,1.509879174E0,-2.929477188E-3,-1.118527654E-2
3.050000000E1,1.235307267E0,1.478054399E-2,2.263686918E-2
3.060000000E1,9.950901375E-1,9.587379888E-3,-1.251685708E-2
3.070000000E1,7.628624914E-1,6.791060754E-3,-3.595267458E-3
3.080000000E1,5.434180184E-1,1.651159870E-2,1.731054702E-3
3.090000000E1,3.910852046E-1,2.676476885E-2,2.596582053E-2
3.100000000E1,2.643187372E-1,3.581951653E-2,1.624528259E-2
3.110000000E1,2.029328743E-1,2.356897556E-2,-7.989483240E-4
3.120000000E1,1.825596920E-1,2.037318226E-2,-5.193164106E-3
3.130000000E1,1.727059960E-1,2.942792993E-2,1.691107286E-2
3.140000000E1,2.312955398E-1,1.984055005E-2,2.263686918E-3
3.150000000E1,3.186472232E-1,2.197107891E-2,-8.921589618E-3
3.160000000E1,4.569984413E-1,2.609897858E-2,1.997370810E-2
3.170000000E1,6.185191608E-1,1.038632821E-2,-3.115898464E-2
3.180000000E1,8.483499620E-1,1.970739199E-2,1.571265037E-2
3.190000000E1,1.090031830E0,1.185106681E-2,1.358212151E-2
3.200000000E1,1.308277881E0,1.158475070E-2,-1.491370205E-2
3.210000000E1,1.615207195E0,-6.657902700E-4,1.331580540E-3
3.220000000E1,1.742905769E0,-4.394215782E-3,-8.655273510E-3
3.230000000E1,1.684316225E0,1.012001210E-2,1.225054097E-2
3.240000000E1,1.531850253E0,-5.326322160E-4,-1.025317016E-2
3.250000000E1,1.282844692E0,1.065264432E-2,3.595267458E-3
3.260000000E1,1.047421253E0,8.122641294E-3,2.263686918E-3
3.270000000E1,7.938883179E-1,1.012001210E-2,1.025317016E-2
3.280000000E1,5.619269879E-1,1.384843762E-2,1.118527654E-2
3.290000000E1,4.038683778E-1,1.411475372E-2,-4.247741923E-2
3.300000000E1,2.978745668E-1,2.050634032E-2,2.796319134E-3
3.310000000E1,2.154497314E-1,2.476739804E-2,-5.992112430E-3
3.320000000E1,1.612544034E-1,2.210423696E-2,-9.454221834E-3
3.330000000E1,1.860218014E-1,2.503371415E-2,4.261057728E-3
3.340000000E1,2.221076341E-1,2.290318529E-2,-7.989483240E-3
3.350000000E1,3.154514299E-1,1.291633124E-2,-2.503371415E-2
3.360000000E1,4.556668608E-1,1.850896951E-2,2.490055610E-2
3.370000000E1,6.050701974E-1,1.105211848E-2,-4.793689944E-3
3.380000000E1,8.049404364E-1,1.265001513E-2,-1.411475372E-2
3.390000000E1,1.069126016E0,1.597896648E-2,8.388957402E-3
3.400000000E1,1.323324741E0,1.997370810E-2,7.190534916E-3
3.410000000E1,1.616805092E0,-1.704423091E-2,4.394215782E-3
3.420000000E1,1.664342517E0,2.263686918E-3,-2.130528864E-3
3.430000000E1,1.681253590E0,-2.663161080E-4,1.358212151E-2
3.440000000E1,1.583915052E0,2.556634637E-2,1.051948627E-2
3.450000000E1,1.323857373E0,-9.321063780E-4,-8.522115456E-3
3.460000000E1,1.042494405E0,1.451422789E-2,-1.278317318E-2
3.470000000E1,7.833688317E-1,2.503371415E-2,4.660531890E-3
3.480000000E1,6.049370393E-1,1.238369902E-2,6.791060754E-3
3.490000000E1,4.311657789E-1,9.321063780E-4,-3.222424907E-2
3.500000000E1,3.169161685E-1,1.344896345E-2,-9.853695996E-3
3.510000000E1,2.255697435E-1,1.651159870E-2,6.524744646E-3
3.520000000E1,2.029328743E-1,1.731054702E-3,-2.170476280E-2
3.530000000E1,1.998702391E-1,1.198422486E-2,-1.211738291E-2
3.540000000E1,2.406166036E-1,1.904160172E-2,5.060006052E-3
3.550000000E1,3.245061776E-1,1.864212756E-2,-2.396844972E-2
3.560000000E1,4.370247332E-1,1.984055005E-2,-1.025317016E-2
3.570000000E1,5.930859725E-1,2.849582356E-2,1.225054097E-2
3.580000000E1,8.434231140E-1,-1.278317318E-2,-3.342267155E-2
3.590000000E1,1.051682310E0,1.171790875E-2,-7.590009078E-3
3.600000000E1,1.299356291E0,7.590009078E-3,2.263686918E-3
3.610000000E1,1.546763955E0,-6.657902700E-4,8.655273510E-3
3.620000000E1,1.694835711E0,-3.062635242E-3,7.456851024E-3
3.630000000E1,1.660880408E0,1.624528259E-2,3.994741620E-4
3.640000000E1,1.514273390E0,8.388957402E-3,1.371527956E-2
3.650000000E1,1.298956817E0,1.131843459E-2,1.304948929E-2
3.660000000E1,1.069392332E0,-9.321063780E-4,3.994741620E-3
3.670000000E1,8.033425398E-1,1.771002118E-2,2.503371415E-2
3.680000000E1,5.973470302E-1,1.691107286E-2,8.388957402E-3
3.690000000E1,4.508731708E-1,2.996056215E-2,2.037318226E-2
3.700000000E1,3.221093326E-1,1.677791480E-2,-2.929477188E-3
3.710000000E1,2.466087160E-1,1.837581145E-2,-3.595267458E-3
3.720000000E1,2.086586706E-1,1.664475675E-2,-1.664475675E-2
3.730000000E1,2.167813119E-1,9.321063780E-4,-1.877528561E-2
3.740000000E1,2.474076643E-1,2.729740107E-2,9.853695996E-3
3.750000000E1,3.410177763E-1,1.731054702E-2,-1.677791480E-2
3.760000000E1,4.170510251E-1,2.077265642E-2,-3.049319437E-2
3.770000000E1,6.476807747E-1,3.994741620E-3,-2.130528864E-3
3.780000000E1,8.143946583E-1,5.992112430E-3,-1.198422486E-3
3.790000000E1,1.039698086E0,0.000000000E0,-1.225054097E-2
3.800000000E1,1.274455735E0,1.078580237E-2,-2.663161080E-3
3.810000000E1,1.529986040E0,7.723167132E-3,4.261057728E-3
3.820000000E1,1.643836177E0,3.462109404E-3,9.587379888E-3
3.830000000E1,1.636512484E0,-6.657902700E-4,1.198422486E-3
3.840000000E1,1.536377627E0,2.263686918E-3,1.997370810E-3
3.850000000E1,1.317732102E0,9.454221834E-3,5.592638268E-3
3.860000000E1,1.063799693E0,8.122641294E-3,-5.326322160E-3
3.870000000E1,8.249141445E-1,4.926847998E-3,-1.091896043E-2
3.880000000E1,6.305033857E-1,1.930791783E-2,-5.060006052E-3
3.890000000E1,4.631237118E-1,1.810949534E-2,-2.183792086E-2
3.900000000E1,3.402188280E-1,2.237055307E-2,1.065264432E-3
3.910000000E1,2.709766399E-1,8.788431564E-3,-1.118527654E-2
3.920000000E1,2.050634032E-1,1.691107286E-2,-9.321063780E-3
3.930000000E1,2.001365552E-1,4.061320647E-2,1.238369902E-2
3.940000000E1,2.656503177E-1,1.358212151E-2,-9.454221834E-3
3.950000000E1,3.576625330E-1,9.321063780E-3,-1.677791480E-2
3.960000000E1,4.524710675E-1,2.982740410E-2,4.926847998E-3
3.970000000E1,6.081328326E-1,2.143844669E-2,7.989483240E-4
3.980000000E1,7.811051448E-1,1.118527654E-2,-1.198422486E-3
3.990000000E1,1.027980177E0,1.371527956E-2,1.331580540E-4
4.000000000E1,1.316134206E0,2.663161080E-3,1.398159567E-2
4.010000000E1,1.494965472E0,6.125270484E-3,8.122641294E-3
4.020000000E1,1.635180903E0,8.788431564E-3,1.198422486E-2
4.030000000E1,1.645567231E0,1.557949232E-2,3.555320042E-2
4.040000000E1,1.518933922E0,-3.195793296E-3,2.796319134E-3
4.050000000E1,1.309609461E0,6.258428538E-3,9.454221834E-3
4.060000000E1,1.070324438E0,-5.592638268E-3,-4.261057728E-3
4.070000000E1,8.403604788E-1,5.858954376E-3,-2.809634939E-2
4.080000000E1,6.151902095E-1,1.451422789E-2,-1.158475070E-2
4.090000000E1,4.596616024E-1,1.464738594E-2,-1.318264735E-2
4.100000000E1,3.464772565E-1,1.584580843E-2,-2.569950442E-2
4.110000000E1,2.776345426E-1,1.464738594E-2,-8.255799348E-3
4.120000000E1,2.215750019E-1,1.691107286E-2,-1.278317318E-2
4.130000000E1,2.098570931E-1,2.836266550E-2,2.703108496E-2
4.140000000E1,2.559297798E-1,2.316950140E-2,6.524744646E-3
4.150000000E1,3.557983203E-1,1.211738291E-2,-1.185106681E-2
4.160000000E1,4.595284444E-1,1.771002118E-2,-9.187905726E-3
4.170000000E1,6.066680940E-1,1.691107286E-2,-3.994741620E-4
4.180000000E1,8.384962660E-1,1.225054097E-2,1.331580540E-3
4.190000000E1,1.030110706E0,8.255799348E-3,7.989483240E-4
4.200000000E1,1.248889388E0,1.717738897E-2,-9.986854050E-3
4.210000000E1,1.516670235E0,9.853695996E-3,2.130528864E-2
4.220000000E1,1.623063520E0,3.728425512E-3,-6.391586592E-3
4.230000000E1,1.634381955E0,1.464738594E-3,3.462109404E-3
4.240000000E1,1.487375463E0,9.853695996E-3,1.384843762E-2
4.250000000E1,1.295095233E0,5.592638268E-3,6.125270484E-3
4.260000000E1,1.036235976E0,6.524744646E-3,-4.660531890E-3
4.270000000E1,8.033425398E-1,1.984055005E-2,-3.994741620E-3
4.280000000E1,6.214486380E-1,1.904160172E-2,8.788431564E-3
4.290000000E1,4.608600249E-1,1.438106983E-2,-1.771002118E-2
4.300000000E1,3.514041045E-1,2.356897556E-2,1.318264735E-2
4.310000000E1,2.673813724E-1,2.024002421E-2,-1.637844064E-2
4.320000000E1,2.603239956E-1,7.989483240E-4,-1.944107588E-2
4.330000000E1,2.386192328E-1,2.889529772E-2,1.837581145E-2
4.340000000E1,2.870887644E-1,4.048004842E-2,1.371527956E-2
4.350000000E1,3.747067640E-1,2.063949837E-2,4.926847998E-3
4.360000000E1,4.671184534E-1,2.197107891E-2,-1.371527956E-2
4.370000000E1,6.313023340E-1,1.424791178E-2,-2.370213361E-2
4.380000000E1,8.683236701E-1,1.930791783E-2,1.890844367E-2
4.390000000E1,1.070324438E0,1.265001513E-2,1.012001210E-2
4.400000000E1,1.289635753E0,6.125270484E-3,-1.171790875E-2
4.410000000E1,1.543834478E0,-1.904160172E-2,3.861583566E-3
4.420000000E1,1.595233487E0,-1.331580540E-2,1.198422486E-3
4.430000000E1,1.583515578E0,6.791060754E-3,5.858954376E-3
4.440000000E1,1.438905932E0,-9.321063780E-4,-1.344896345E-2
4.450000000E1,1.196691431E0,1.491370205E-2,1.464738594E-3
4.460000000E1,9.973538245E-1,1.451422789E-2,-1.824265340E-2
4.470000000E1,7.900267344E-1,1.837581145E-2,3.994741620E-3
4.480000000E1,5.940180789E-1,3.249056518E-2,3.661846485E-2
4.490000000E1,4.359594688E-1,1.544633426E-2,-8.255799348E-3
4.500000000E1,3.179814330E-1,1.238369902E-2,-5.326322160E-3
4.510000000E1,2.765692782E-1,1.677791480E-2,-5.193164106E-3
4.520000000E1,2.768355943E-1,9.587379888E-3,-1.304948929E-2
4.530000000E1,2.575276764E-1,2.183792086E-2,-1.198422486E-3
4.540000000E1,3.095924756E-1,2.889529772E-2,-1.091896043E-2
4.550000000E1,3.944141559E-1,1.371527956E-2,-8.388957402E-3
4.560000000E1,4.985437542E-1,2.623213664E-2,1.078580237E-2
4.570000000E1,6.973487288E-1,2.170476280E-2,3.422161988E-2
4.580000000E1,8.753810470E-1,7.057376862E-3,8.388957402E-3
4.590000000E1,1.099219736E0,6.258428538E-3,-1.105211848E-2
4.600000000E1,1.366201634E0,-4.926847998E-3,5.725796322E-3
4.610000000E1,1.515471813E0,1.051948627E-2,1.038632821E-2
4.620000000E1,1.596032435E0,1.864212756E-3,-4.660531890E-3
4.630000000E1,1.529586566E0,-5.725796322E-3,1.225054097E-2
4.640000000E1,1.348624771E0,-6.657902700E-4,-1.291633124E-2
4.650000000E1,1.148488216E0,1.731054702E-3,-7.190534916E-3
4.660000000E1,9.048089769E-1,9.321063780E-3,-5.459480214E-3
4.670000000E1,7.279750812E-1,9.853695996E-3,-2.463423999E-2
4.680000000E1,5.203816750E-1,9.321063780E-3,-1.904160172E-2
4.690000000E1,4.245078762E-1,2.676476885E-2,2.663161080E-3
4.700000000E1,3.299656578E-1,2.103897253E-2,-1.131843459E-2
4.710000000E1,2.757703298E-1,2.024002421E-2,4.527373836E-3
4.720000000E1,2.661829499E-1,3.155845880E-2,3.036003631E-2
4.730000000E1,2.810966520E-1,6.657902700E-3,-2.396844972E-2
4.740000000E1,3.311640803E-1,2.703108496E-2,1.331580540E-3
4.750000000E1,4.576642316E-1,1.797633729E-2,1.637844064E-2
4.760000000E1,5.880259665E-1,1.145159264E-2,1.424791178E-2
4.770000000E1,7.432882574E-1,2.729740107E-2,1.704423091E-2
4.780000000E1,1.004278043E0,1.917475978E-2,-5.060006052E-3
4.790000000E1,1.208009866E0,1.491370205E-2,1.318264735E-2
4.800000000E1,1.424125388E0,6.524744646E-3,-1.864212756E-3
4.810000000E1,1.552889226E0,-3.994741620E-4,1.784317924E-2
4.820000000E1,1.550492381E0,-7.456851024E-3,2.130528864E-3
4.830000000E1,1.381514810E0,-3.328951350E-3,-5.592638268E-3
4.840000000E1,1.194827219E0,6.258428538E-3,-1.225054097E-2
4.850000000E1,9.487511348E-1,4.793689944E-3,-4.793689944E-3
4.860000000E1,7.119961147E-1,2.596582053E-2,1.198422486E-2
4.870000000E1,5.912217598E-1,1.318264735E-2,-9.187905726E-3
4.880000000E1,4.530036997E-1,1.158475070E-2,-1.198422486E-2
4.890000000E1,3.403519860E-1,1.877528561E-2,-1.105211848E-2
4.900000000E1,2.810966520E-1,1.731054702E-2,1.731054702E-2
4.910000000E1,2.794987553E-1,1.398159567E-2,1.091896043E-2
4.920000000E1,3.001382537E-1,2.476739804E-2,1.065264432E-3
4.930000000E1,3.455451501E-1,1.597896648E-2,-1.225054097E-2
4.940000000E1,4.632568699E-1,2.356897556E-2,-7.856325186E-3
4.950000000E1,6.089317809E-1,7.456851024E-3,-1.251685708E-2
4.960000000E1,7.600661722E-1,7.590009078E-3,-7.989483240E-3
4.970000000E1,9.504821895E-1,5.992112430E-3,2.796319134E-3
4.980000000E1,1.185372997E0,7.989483240E-3,1.464738594E-2
4.990000000E1,1.373525327E0,-8.388957402E-3,-1.731054702E-3
5.000000000E1,1.485378092E0,1.211738291E-2,-5.193164106E-3
5.010000000E1,1.471130181E0,1.051948627E-2,-6.524744646E-3
5.020000000E1,1.290967334E0,4.793689944E-3,3.328951350E-3
5.030000000E1,1.102149213E0,8.122641294E-3,-9.054747672E-3
5.040000000E1,8.620652416E-1,2.809634939E-2,4.127899674E-3
5.050000000E1,7.090666376E-1,1.757686313E-2,5.592638268E-3
5.060000000E1,5.781722705E-1,2.237055307E-2,1.731054702E-3
5.070000000E1,4.183826057E-1,3.009372020E-2,-5.858954376E-3
5.080000000E1,3.350256639E-1,1.850896951E-2,-8.122641294E-3
5.090000000E1,3.331614511E-1,1.198422486E-2,2.037318226E-2
5.100000000E1,3.082608950E-1,2.569950442E-2,2.396844972E-2
5.110000000E1,3.269030226E-1,1.930791783E-2,-9.454221834E-3
5.120000000E1,4.098604902E-1,1.105211848E-2,-5.060006052E-3
5.130000000E1,4.941495384E-1,1.411475372E-2,7.323692970E-3
5.140000000E1,6.293049632E-1,1.771002118E-2,-4.660531890E-3
5.150000000E1,8.080030717E-1,9.187905726E-3,-5.992112430E-3
5.160000000E1,1.013465949E0,1.904160172E-2,-3.462109404E-3
5.170000000E1,1.211471975E0,2.263686918E-3,1.464738594E-3
5.180000000E1,1.374723749E0,1.211738291E-2,3.062635242E-3
5.190000000E1,1.478320716E0,-3.595267458E-3,7.989483240E-3
5.200000000E1,1.374590591E0,2.290318529E-2,-5.592638268E-3
5.210000000E1,1.243829382E0,-1.331580540E-3,-4.926847998E-3
5.220000000E1,1.035570186E0,4.394215782E-3,-8.255799348E-3
5.230000000E1,8.488825942E-1,1.012001210E-2,-7.323692970E-3
5.240000000E1,7.089334795E-1,-1.597896648E-3,-1.331580540E-2
5.250000000E1,5.592638268E-1,1.131843459E-2,-1.930791783E-2
5.260000000E1,4.311657789E-1,1.637844064E-2,-1.864212756E-3
5.270000000E1,3.744404478E-1,1.704423091E-2,-6.791060754E-3
5.280000000E1,3.403519860E-1,3.022687826E-2,1.331580540E-4
5.290000000E1,3.530020012E-1,2.543318831E-2,-4.261057728E-3
5.300000000E1,3.675162290E-1,1.611212453E-2,-6.125270484E-3
5.310000000E1,4.422178973E-1,1.957423394E-2,3.195793296E-3
5.320000000E1,5.367601157E-1,2.569950442E-2,0.000000000E0
5.330000000E1,7.022755768E-1,1.478054399E-2,-4.127899674E-3
5.340000000E1,8.709868312E-1,-1.731054702E-3,-1.344896345E-2
5.350000000E1,1.055677052E0,8.388957402E-3,-9.720537942E-3
5.360000000E1,1.201351963E0,1.211738291E-2,-7.723167132E-3
5.370000000E1,1.366601108E0,6.657902700E-4,1.877528561E-2
5.380000000E1,1.381647968E0,1.265001513E-2,-1.917475978E-2
5.390000000E1,1.307345774E0,-5.459480214E-3,1.464738594E-2
5.400000000E1,1.143161894E0,9.187905726E-3,-1.291633124E-2
5.410000000E1,9.970875084E-1,-6.791060754E-3,-7.057376862E-3
5.420000000E1,7.934888438E-1,1.025317016E-2,4.527373836E-3
5.430000000E1,6.266418021E-1,1.837581145E-2,3.595267458E-3
5.440000000E1,5.331648482E-1,1.105211848E-2,2.130528864E-3
5.450000000E1,4.301005144E-1,1.904160172E-2,7.856325186E-3
5.460000000E1,3.856257244E-1,2.316950140E-2,-5.060006052E-3
5.470000000E1,3.713778126E-1,2.290318529E-2,-6.524744646E-3
5.480000000E1,4.017378489E-1,1.597896648E-2,6.524744646E-3
5.490000000E1,4.211789248E-1,2.956108799E-2,-6.657902700E-3
5.500000000E1,5.139900884E-1,1.691107286E-2,-3.462109404E-3
5.510000000E1,6.239786410E-1,2.343581750E-2,9.321063780E-4
5.520000000E1,7.559382726E-1,2.370213361E-2,1.464738594E-3
5.530000000E1,9.599364113E-1,9.321063780E-4,-7.590009078E-3
5.540000000E1,1.096157101E0,1.025317016E-2,2.396844972E-3
5.550000000E1,1.273656787E0,-3.595267458E-3,-4.660531890E-3
5.560000000E1,1.345961610E0,1.278317318E-2,1.677791480E-2
5.570000000E1,1.304948929E0,-3.062635242E-3,-2.010686615E-2
5.580000000E1,1.152749273E0,2.423476583E-2,1.025317016E-2
5.590000000E1,1.001881198E0,-3.062635242E-3,-4.660531890E-3
5.600000000E1,8.346346825E-1,1.238369902E-2,4.261057728E-3
5.610000000E1,6.882939811E-1,2.263686918E-2,1.251685708E-2
5.620000000E1,5.652559392E-1,2.290318529E-2,7.856325186E-3
5.630000000E1,4.914863773E-1,2.103897253E-2,-5.193164106E-3
5.640000000E1,3.980094234E-1,2.037318226E-2,-4.261057728E-3
5.650000000E1,4.210457667E-1,4.527373836E-3,-2.663161080E-3
5.660000000E1,4.037352197E-1,1.651159870E-2,-1.105211848E-2
5.670000000E1,4.661863471E-1,1.424791178E-2,-1.304948929E-2
5.680000000E1,5.274390519E-1,1.624528259E-2,4.660531890E-3
5.690000000E1,6.261091699E-1,1.491370205E-2,8.522115456E-3
5.700000000E1,7.439540477E-1,1.864212756E-2,4.660531890E-3
5.710000000E1,9.243832109E-1,1.744370507E-2,6.791060754E-3
5.720000000E1,1.064864958E0,1.664475675E-2,1.318264735E-2
5.730000000E1,1.225453571E0,-5.725796322E-3,4.261057728E-3
5.740000000E1,1.262471510E0,1.371527956E-2,-1.731054702E-3
5.750000000E1,1.270727309E0,-9.321063780E-4,1.890844367E-2
5.760000000E1,1.097089207E0,-4.527373836E-3,1.065264432E-3
5.770000000E1,1.004943834E0,-1.025317016E-2,-9.587379888E-3
5.780000000E1,8.034756978E-1,1.251685708E-2,1.131843459E-2
5.790000000E1,6.926881969E-1,2.010686615E-2,3.195793296E-3
5.800000000E1,6.185191608E-1,1.438106983E-2,1.105211848E-2
5.810000000E1,5.093295566E-1,1.824265340E-2,-2.396844972E-3
5.820000000E1,4.548679125E-1,2.117213059E-2,-7.723167132E-3
5.830000000E1,4.420847393E-1,2.729740107E-2,2.143844669E-2
5.840000000E1,4.479436937E-1,2.250371113E-2,3.195793296E-3
5.850000000E1,5.106611371E-1,1.025317016E-2,-2.143844669E-2
5.860000000E1,5.708485775E-1,1.198422486E-2,4.793689944E-3
5.870000000E1,6.578007868E-1,7.856325186E-3,-1.065264432E-2
5.880000000E1,7.997472723E-1,1.464738594E-3,-9.587379888E-3
5.890000000E1,9.325058522E-1,3.328951350E-3,-3.728425512E-3
5.900000000E1,1.059006003E0,7.590009078E-3,-4.394215782E-3
5.910000000E1,1.172456665E0,1.904160172E-2,7.989483240E-4
5.920000000E1,1.233043580E0,3.595267458E-3,-5.193164106E-3
5.930000000E1,1.165532447E0,9.986854050E-3,-2.530003026E-3
5.940000000E1,1.051948627E0,1.118527654E-2,8.522115456E-3
5.950000000E1,9.269132139E-1,6.125270484E-3,-9.321063780E-3
5.960000000E1,8.034756978E-1,8.522115456E-3,6.524744646E-3
5.970000000E1,6.793723915E-1,1.597896648E-2,-9.321063780E-3
5.980000000E1,5.817675379E-1,1.984055005E-2,1.265001513E-2
5.990000000E1,5.484780244E-1,2.982740410E-2,1.744370507E-2
6.000000000E1,4.818989974E-1,2.237055307E-2,-2.263686918E-3
6.010000000E1,4.555337027E-1,2.649845275E-2,-9.454221834E-3
6.020000000E1,4.922853256E-1,2.556634637E-2,1.438106983E-2
6.030000000E1,5.585980365E-1,1.251685708E-2,-4.127899674E-3
6.040000000E1,6.056028296E-1,3.249056518E-2,1.291633124E-2
6.050000000E1,6.781739690E-1,2.942792993E-2,1.331580540E-3
6.060000000E1,8.145278163E-1,6.258428538E-3,-2.290318529E-2
6.070000000E1,9.538111408E-1,8.388957402E-3,-7.456851024E-3
6.080000000E1,1.062201797E0,1.065264432E-2,-9.853695996E-3
6.090000000E1,1.166065079E0,9.054747672E-3,9.986854050E-3
6.100000000E1,1.153415064E0,9.454221834E-3,1.198422486E-3
6.110000000E1,1.081509715E0,8.255799348E-3,9.720537942E-3
6.120000000E1,9.918943442E-1,9.853695996E-3,1.091896043E-2
6.130000000E1,8.751147309E-1,-2.130528864E-3,-1.478054399E-2
6.140000000E1,7.643272300E-1,1.371527956E-2,-9.587379888E-3
6.150000000E1,6.560697321E-1,2.210423696E-2,1.358212151E-2
6.160000000E1,6.036054588E-1,1.105211848E-2,2.263686918E-3
6.170000000E1,5.414206476E-1,1.957423394E-2,-2.929477188E-3
6.180000000E1,5.390238026E-1,-2.530003026E-3,4.261057728E-3
6.190000000E1,5.207811492E-1,1.784317924E-2,-5.459480214E-3
6.200000000E1,5.467469697E-1,2.197107891E-2,-3.328951350E-3
6.210000000E1,5.701827872E-1,2.636529469E-2,3.462109404E-3
6.220000000E1,6.767092304E-1,2.183792086E-2,6.258428538E-3
6.230000000E1,7.620635430E-1,1.424791178E-2,-6.791060754E-3
6.240000000E1,8.860336913E-1,1.757686313E-2,1.198422486E-3
6.250000000E1,9.719206361E-1,1.917475978E-2,2.237055307E-2
6.260000000E1,1.085371298E0,9.587379888E-3,4.261057728E-3
6.270000000E1,1.111203961E0,6.657902700E-4,-5.193164106E-3
6.280000000E1,1.033439657E0,1.265001513E-2,1.105211848E-2
6.290000000E1,9.290437428E-1,1.611212453E-2,-9.321063780E-4
6.300000000E1,8.450210107E-1,1.211738291E-2,-2.929477188E-3
6.310000000E1,7.546066920E-1,1.984055005E-2,1.065264432E-2
6.320000000E1,6.896255617E-1,7.723167132E-3,-6.125270484E-3
6.330000000E1,6.266418021E-1,1.198422486E-2,1.997370810E-3
6.340000000E1,5.585980365E-1,1.917475978E-2,-9.986854050E-3
6.350000000E1,5.452822311E-1,2.423476583E-2,-6.125270484E-3
6.360000000E1,5.567338238E-1,1.557949232E-2,3.462109404E-3
6.370000000E1,6.037386168E-1,2.117213059E-2,8.788431564E-3
6.380000000E1,6.231796927E-1,2.024002421E-2,8.122641294E-3
6.390000000E1,6.948187258E-1,2.450108194E-2,5.725796322E-3
6.400000000E1,8.029430656E-1,4.660531890E-3,-3.062635242E-3
6.410000000E1,8.906942232E-1,1.491370205E-2,1.331580540E-2
6.420000000E1,9.752495875E-1,1.518001816E-2,1.597896648E-3
6.430000000E1,1.040363876E0,1.464738594E-2,1.304948929E-2
6.440000000E1,9.881659187E-1,2.263686918E-3,-2.117213059E-2
6.450000000E1,9.185242565E-1,1.411475372E-2,-3.994741620E-3
6.460000000E1,8.596683966E-1,1.331580540E-2,4.793689944E-3
6.470000000E1,7.964183210E-1,5.193164106E-3,-1.464738594E-3
6.480000000E1,7.150587500E-1,6.125270484E-3,-9.587379888E-3
6.490000000E1,6.576676287E-1,2.836266550E-2,4.261057728E-3
6.500000000E1,6.261091699E-1,1.531317621E-2,-4.660531890E-3
6.510000000E1,6.313023340E-1,-3.728425512E-3,-7.989483240E-3
6.520000000E1,6.101302034E-1,1.824265340E-2,-1.331580540E-4
6.530000000E1,6.150570514E-1,6.791060754E-3,-3.595267458E-3
6.540000000E1,6.965497805E-1,4.127899674E-3,-8.122641294E-3
6.550000000E1,7.430219413E-1,9.054747672E-3,-1.677791480E-2
6.560000000E1,8.325041536E-1,1.557949232E-2,1.731054702E-3
6.570000000E1,8.759136792E-1,1.358212151E-2,-1.198422486E-3
6.580000000E1,9.459548156E-1,1.278317318E-2,8.255799348E-3
6.590000000E1,9.367669099E-1,5.992112430E-3,-1.078580237E-2
6.600000000E1,9.190568887E-1,1.358212151E-2,5.459480214E-3
6.610000000E1,8.898952749E-1,1.717738897E-2,2.796319134E-3
6.620000000E1,7.584682756E-1,1.078580237E-2,-9.587379888E-3
6.630000000E1,7.484814215E-1,2.010686615E-2,1.544633426E-2
6.640000000E1,6.773750207E-1,1.904160172E-2,-9.587379888E-3
6.650000000E1,6.813697623E-1,1.837581145E-2,2.916161383E-2
6.660000000E1,6.359628659E-1,7.723167132E-3,-6.791060754E-3
6.670000000E1,6.520749904E-1,1.717738897E-2,-1.065264432E-3
6.680000000E1,6.704508019E-1,2.290318529E-2,6.524744646E-3
6.690000000E1,7.183877013E-1,1.358212151E-2,5.326322160E-3
6.700000000E1,7.671235491E-1,7.856325186E-3,-3.195793296E-3
6.710000000E1,8.235825640E-1,8.255799348E-3,1.864212756E-3
6.720000000E1,8.607336611E-1,1.171790875E-2,-3.062635242E-3
6.730000000E1,9.229184723E-1,9.187905726E-3,2.090581448E-2
6.740000000E1,8.733836762E-1,1.278317318E-2,-1.198422486E-3
6.750000000E1,8.775115759E-1,1.731054702E-3,-5.326322160E-4
6.760000000E1,8.155930808E-1,3.328951350E-3,-3.994741620E-3
6.770000000E1,7.757788226E-1,9.720537942E-3,5.193164106E-3
6.780000000E1,7.407582544E-1,5.459480214E-3,-9.321063780E-3
6.790000000E1,7.321029809E-1,1.012001210E-2,8.255799348E-3
6.800000000E1,6.976150449E-1,1.078580237E-2,3.328951350E-3
6.810000000E1,6.792392335E-1,1.704423091E-2,1.065264432E-2
6.820000000E1,6.777744949E-1,2.716424302E-2,4.394215782E-3
6.830000000E1,7.173224369E-1,1.291633124E-2,4.926847998E-3
6.840000000E1,7.728493454E-1,9.454221834E-3,1.597896648E-3
6.850000000E1,8.110657069E-1,1.944107588E-2,1.597896648E-3
6.860000000E1,8.257130929E-1,4.926847998E-3,2.530003026E-3
6.870000000E1,8.273109895E-1,1.091896043E-2,1.584580843E-2
6.880000000E1,8.307730989E-1,1.571265037E-2,5.725796322E-3
6.890000000E1,7.656588105E-1,1.051948627E-2,-5.858954376E-3
6.900000000E1,7.930893696E-1,7.989483240E-3,1.491370205E-2
6.910000000E1,7.036071573E-1,1.797633729E-2,-6.657902700E-3
6.920000000E1,7.234477074E-1,1.864212756E-3,-9.454221834E-3
6.930000000E1,7.097324278E-1,1.078580237E-2,-3.728425512E-3
6.940000000E1,7.111971664E-1,6.924218808E-3,-3.994741620E-4
6.950000000E1,7.113303245E-1,1.571265037E-2,1.025317016E-2
6.960000000E1,7.177219111E-1,2.143844669E-2,-1.624528259E-2
6.970000000E1,7.446198380E-1,1.398159567E-2,-6.657902700E-3
6.980000000E1,7.415572027E-1,1.597896648E-2,5.060006052E-3
6.990000000E1,7.760451387E-1,3.861583566E-3,9.853695996E-3
7.000000000E1,7.487477376E-1,1.251685708E-2,-5.725796322E-3
7.010000000E1,7.237140235E-1,4.527373836E-3,2.263686918E-3
7.020000000E1,7.257113943E-1,1.118527654E-2,-1.198422486E-3
7.030000000E1,6.905576680E-1,9.321063780E-3,-3.728425512E-3
7.040000000E1,6.832339751E-1,2.263686918E-2,-7.989483240E-3
7.050000000E1,6.675213247E-1,2.516687221E-2,-1.238369902E-2
7.060000000E1,6.815029204E-1,6.791060754E-3,-1.411475372E-2
7.070000000E1,6.885602972E-1,1.051948627E-2,1.012001210E-2
7.080000000E1,7.221161268E-1,1.251685708E-2,2.197107891E-2
7.090000000E1,7.356982484E-1,1.451422789E-2,1.291633124E-2
7.100000000E1,6.775081788E-1,1.438106983E-2,-2.476739804E-2
7.110000000E1,6.872287167E-1,6.791060754E-3,-1.384843762E-2
7.120000000E1,6.620618445E-1,1.158475070E-2,1.025317016E-2
7.130000000E1,6.760434402E-1,2.103897253E-2,8.921589618E-3
7.140000000E1,6.680539569E-1,1.411475372E-2,3.994741620E-3
7.150000000E1,6.383597109E-1,2.063949837E-2,-4.527373836E-3
7.160000000E1,6.552707837E-1,1.864212756E-2,-1.597896648E-2
7.170000000E1,6.423544525E-1,1.158475070E-2,-6.258428538E-3
7.180000000E1,6.653907958E-1,4.261057728E-3,-1.997370810E-3
7.190000000E1,6.765760724E-1,1.970739199E-2,9.454221834E-3
7.200000000E1,6.588660512E-1,1.597896648E-2,2.157160475E-2
7.210000000E1,6.817692365E-1,9.054747672E-3,-7.989483240E-3
7.220000000E1,6.456834038E-1,1.105211848E-2,-1.171790875E-2
7.230000000E1,6.575344707E-1,6.258428538E-3,-1.837581145E-2
7.240000000E1,6.277070666E-1,1.651159870E-2,1.597896648E-3
7.250000000E1,6.386260270E-1,1.012001210E-2,5.326322160E-3
7.260000000E1,6.603307898E-1,1.491370205E-2,1.265001513E-2
7.270000000E1,6.261091699E-1,1.917475978E-2,-1.211738291E-2
7.280000000E1,6.396912914E-1,1.731054702E-2,-6.125270484E-3
7.290000000E1,6.314354921E-1,1.358212151E-2,3.195793296E-3
7.300000000E1,6.301039115E-1,3.994741620E-4,-2.796319134E-3
7.310000000E1,5.787049027E-1,8.921589618E-3,1.012001210E-2
7.320000000E1,6.010754558E-1,1.384843762E-2,-7.590009078E-3
7.330000000E1,6.339654951E-1,1.025317016E-2,1.810949534E-2
7.340000000E1,6.150570514E-1,2.463423999E-2,-1.464738594E-3
7.350000000E1,6.006759816E-1,2.157160475E-2,-9.720537942E-3
7.360000000E1,6.329002307E-1,1.518001816E-2,-5.060006052E-3
7.370000000E1,6.246444313E-1,7.057376862E-3,-6.791060754E-3
7.380000000E1,6.131928387E-1,1.757686313E-2,-9.321063780E-4
7.390000000E1,6.008091396E-1,2.876213966E-2,6.524744646E-3
7.400000000E1,5.705822614E-1,1.757686313E-2,1.065264432E-2
7.410000000E1,6.245112733E-1,3.595267458E-3,3.994741620E-4
7.420000000E1,6.471481424E-1,1.171790875E-2,6.391586592E-3
7.430000000E1,5.834985926E-1,2.463423999E-2,-4.394215782E-3
7.440000000E1,6.000101913E-1,1.744370507E-2,1.518001816E-2
7.450000000E1,5.961486078E-1,1.664475675E-2,3.062635242E-3
7.460000000E1,5.848301732E-1,1.624528259E-2,-4.660531890E-3
7.470000000E1,6.209160058E-1,1.145159264E-2,-1.065264432E-2
7.480000000E1,6.173207383E-1,8.522115456E-3,1.797633729E-2
7.490000000E1,5.637912006E-1,1.478054399E-2,-2.316950140E-2
7.500000000E1,5.613943557E-1,1.185106681E-2,1.251685708E-2
7.510000000E1,5.665875198E-1,2.050634032E-2,1.584580843E-2
7.520000000E1,5.086637663E-1,1.970739199E-2,-2.170476280E-2
7.530000000E1,5.006742830E-1,1.717738897E-2,-2.396844972E-3
7.540000000E1,4.426173715E-1,1.757686313E-2,-1.185106681E-2
7.550000000E1,4.063983808E-1,1.864212756E-2,6.657902700E-4
7.560000000E1,3.099919497E-1,1.917475978E-2,-1.225054097E-2
7.570000000E1,2.661829499E-1,1.664475675E-2,-2.263686918E-3
7.580000000E1,2.303634334E-1,2.010686615E-2,1.225054097E-2
7.590000000E1,1.771002118E-1,2.703108496E-2,-1.731054702E-3
7.600000000E1,1.183775100E-1,2.649845275E-2,2.263686918E-3
7.610000000E1,1.113201331E-1,1.850896951E-2,4.527373836E-3
7.620000000E1,4.767058333E-2,2.889529772E-2,-1.731054702E-3
7.630000000E1,1.331580540E-4,2.503371415E-2,-3.462109404E-3
7.640000000E1,-5.978796625E-2,2.623213664E-2,-2.530003026E-3
7.650000000E1,-8.961537034E-2,2.463423999E-2,-4.527373836E-3
7.660000000E1,-1.543301846E-1,2.969424604E-2,1.331580540E-4
7.670000000E1,-2.069276159E-1,2.530003026E-2,-1.331580540E-3
7.680000000E1,-2.906840319E-1,3.462109404E-2,-4.527373836E-3
7.690000000E1,-3.412840924E-1,3.009372020E-2,-4.127899674E-3
7.700000000E1,-4.061320647E-1,3.115898464E-2,-6.391586592E-3
7.710000000E1,-5.030711280E-1,2.929477188E-2,-2.530003026E-3
